ключ,русский,узбекский,исправление
ui.meta.title,"yourway.uz — узнайте, куда вам двигаться",yourway.uz — qaysi yoʻldan borishingizni bilib oling,
ui.meta.description,"Пройдите тесты бесплатно и получите личный маршрут: кто вы, какая цель вам подходит и как до неё дойти.","Testlardan bepul oʻting va shaxsiy yoʻl xaritangizni oling: kimsiz, qaysi maqsad sizga mos va unga qanday yetib borasiz.",
ui.common.brand,yourway.uz,yourway.uz,
ui.common.startFree,Начать бесплатно,Bepul boshlash,
ui.common.backHome,На главную,Bosh sahifaga,
ui.common.placeholderNote,Текст-заглушка: будет заменён перед запуском.,Vaqtinchalik matn: ishga tushirishdan oldin almashtiriladi.,
ui.common.language,Язык,Til,
ui.common.menu,Меню,Menyu,
ui.footer.howItWorks,Как это работает,Bu qanday ishlaydi,
ui.footer.pricing,Цены,Narxlar,
ui.footer.faq,FAQ,Savol-javob,
ui.footer.offer,Оферта,Ommaviy oferta,
ui.footer.privacy,Политика конфиденциальности,Maxfiylik siyosati,
ui.footer.contactsTitle,Контакты,Aloqa,
ui.footer.contactsValue,Контакты появятся перед запуском.,Aloqa maʼlumotlari ishga tushirishdan oldin qoʻshiladi.,
ui.footer.tagline,Навигатор возможностей для Узбекистана.,Oʻzbekiston uchun imkoniyatlar navigatori.,
ui.footer.rights,Все права защищены.,Barcha huquqlar himoyalangan.,
ui.landing.hero.title,"Узнайте, кем вам быть — и как туда дойти",Kim boʻlishingizni va bunga qanday erishishni bilib oling,
ui.landing.hero.subtitle,"Научные тесты личности и интересов + ИИ-анализ. Получите свой портрет и подходящие направления бесплатно, а личный маршрут из точки А в точку Б — в полном отчёте.","Shaxsiyat va qiziqishlarni oʻlchaydigan ilmiy testlar, natijani esa sunʼiy intellekt tahlil qiladi. Portretingiz va sizga mos yoʻnalishlar — bepul. Hozirgi holatingizdan maqsadingizgacha boʻlgan shaxsiy yoʻl esa toʻliq hisobotda.",
ui.landing.hero.note,Без регистрации · около 20 минут · мы не собираем личные данные,Roʻyxatdan oʻtish shart emas · taxminan 20 daqiqa · shaxsiy maʼlumotlaringizni yigʻmaymiz,
ui.landing.how.title,Как это работает,Bu qanday ishlaydi,
ui.landing.how.steps.0.title,Выберите путь,Yoʻlni tanlang,
ui.landing.how.steps.0.text,"Скажите, знаете ли вы уже свою цель или хотите разобраться.",Maqsadingizni allaqachon bilasizmi yoki hali aniqlab olmoqchimisiz — shuni belgilang.,
ui.landing.how.steps.1.title,Пройдите тесты,Testlardan oʻting,
ui.landing.how.steps.1.text,"Личность, интересы, ценности и то, как вы лучше учитесь. Один вопрос на экран.","Shaxsiyatingiz, qiziqishlaringiz, qadriyatlaringiz va qanday oʻrganishingiz. Har ekranda bitta savol.",
ui.landing.how.steps.2.title,Получите портрет,Portretingizni oling,
ui.landing.how.steps.2.text,"Бесплатно: ваш тип, сильные стороны и 2–3 подходящих направления.","Bepul: tipingiz, kuchli tomonlaringiz va sizga mos 2–3 ta yoʻnalish.",
ui.landing.how.steps.3.title,Откройте маршрут,Yoʻlingizni oching,
ui.landing.how.steps.3.text,"Полный отчёт: цель, шаги, сроки и деньги (ориентировочно), запасные варианты.","Toʻliq hisobot: maqsad, qadamlar, muddat va xarajatlar (taxminiy), zaxira yoʻllar.",
ui.landing.how.more,Подробнее,Batafsil,
ui.landing.sample.title,Пример отчёта,Hisobot namunasi,
ui.landing.sample.subtitle,Так выглядит бесплатная часть. Данные вымышленные.,Bepul qismi shunday koʻrinadi. Maʼlumotlar oʻylab topilgan.,
ui.landing.sample.typeLabel,Исследователь-созидатель,Izlanuvchan ijodkor,
ui.landing.sample.typeCode,INTP — Логик,INTP — Tahlilchi,
ui.landing.sample.portrait,"Вы любите докапываться до сути и строить своё. Вам скучно там, где всё расписано заранее, и интересно там, где нужно придумать решение.","Siz har narsaning tagiga yetishni va oʻzingizga xos narsa yaratishni yaxshi koʻrasiz. Hammasi oldindan belgilab qoʻyilgan joyda zerikasiz, yechim oʻylab topish kerak boʻlgan joyda esa ishtiyoqingiz ortadi.",
ui.landing.sample.strengthsTitle,Сильные стороны,Kuchli tomonlar,
ui.landing.sample.strengths.0,Аналитическое мышление,Tahliliy fikrlash,
ui.landing.sample.strengths.1,Самостоятельность,Mustaqillik,
ui.landing.sample.strengths.2,Любопытство к новому,Yangilikka qiziqish,
ui.landing.sample.directionsTitle,Подходящие направления,Mos yoʻnalishlar,
ui.landing.sample.directions.0,Анализ данных,Maʼlumotlar tahlili,
ui.landing.sample.directions.1,Разработка продуктов,Mahsulot ishlab chiqish,
ui.landing.sample.directions.2,Инженерия,Muhandislik,
ui.landing.sample.lockedTitle,В полном отчёте,Toʻliq hisobotda,
ui.landing.sample.locked.0,Проверка цели на реальность,Maqsadingiz qanchalik real ekanini baholash,
ui.landing.sample.locked.1,Главный маршрут: шаги и сроки,Asosiy yoʻl: qadamlar va muddatlar,
ui.landing.sample.locked.2,Варианты: здесь недорого / за рубежом / онлайн,"Uch xil yoʻl: shu yerda arzonroq, chet elda yoki onlayn",
ui.landing.sample.locked.3,Неожиданное направление для вас,Sizni hayron qoldirishi mumkin boʻlgan yoʻnalish,
ui.landing.sample.locked.4,Что сделать уже на этой неделе,Shu haftaning oʻzida nimadan boshlash kerak,
ui.landing.reviews.title,Отзывы,Fikrlar,
ui.landing.reviews.note,Пример отзывов. Настоящие появятся после запуска.,Fikrlar namunasi. Haqiqiylari ishga tushgandan keyin paydo boʻladi.,
ui.landing.reviews.items.0.text,"Думал, что мне прямая дорога в экономику. Оказалось, что мне ближе дизайн, и маршрут был очень понятный.","Iqtisodga boraman deb oʻylagandim. Maʼlum boʻlishicha, menga dizayn yaqinroq ekan. Yoʻl ham juda tushunarli yozilgan.",
ui.landing.reviews.items.0.author,"Абитуриент, 17 лет","Abituriyent, 17 yoshda",
ui.landing.reviews.items.1.text,"Понравилось, что всё честно: суммы диапазонами и есть план Б на случай, если не получится.","Hammasi rostgoʻylik bilan yozilgani yoqdi: summalar taxminiy oraliqda berilgan, biror narsa chiqmasa, zaxira reja ham bor.",
ui.landing.reviews.items.1.author,"Студентка, 20 лет","Talaba qiz, 20 yoshda",
ui.landing.reviews.items.2.text,"Хотел сменить профессию. Отчёт показал, с чего начать без больших денег.",Kasbimni oʻzgartirmoqchi edim. Hisobot katta pul sarflamasdan nimadan boshlashni koʻrsatib berdi.,
ui.landing.reviews.items.2.author,"Работает, 28 лет","Ishlaydi, 28 yoshda",
ui.landing.pricing.title,Цены,Narxlar,
ui.landing.pricing.subtitle,Тесты и портрет бесплатно. Платите только за полный отчёт с маршрутом.,Testlar va portret bepul. Faqat yoʻl xaritasi yozilgan toʻliq hisobot uchun toʻlaysiz.,
ui.landing.pricing.oneTime,разово,bir martalik,
ui.landing.pricing.plans.0.name,Бесплатно,Bepul,
ui.landing.pricing.plans.0.price,0 сум,0 soʻm,
ui.landing.pricing.plans.0.features.0,Все тесты,Barcha testlar,
ui.landing.pricing.plans.0.features.1,Ваш тип и сильные стороны,Tipingiz va kuchli tomonlaringiz,
ui.landing.pricing.plans.0.features.2,2–3 подходящих направления,Sizga mos 2–3 ta yoʻnalish,
ui.landing.pricing.plans.1.name,«Маршрут»,«Marshrut»,
ui.landing.pricing.plans.1.price,29 000 сум,29 000 soʻm,
ui.landing.pricing.plans.1.features.0,"Для тех, кто знает цель",Maqsadini biladiganlar uchun,
ui.landing.pricing.plans.1.features.1,Проверка цели на реальность,Maqsad qanchalik real ekanini baholash,
ui.landing.pricing.plans.1.features.2,"Путь из точки А в точку Б: шаги, сроки, деньги","Maqsadingizgacha boʻlgan yoʻl: qadamlar, muddat, xarajat",
ui.landing.pricing.plans.1.features.3,PDF для себя и родителей,Oʻzingiz va ota-onangiz uchun PDF,
ui.landing.pricing.plans.2.name,«Навигатор»,«Navigator»,
ui.landing.pricing.plans.2.price,79 000 сум,79 000 soʻm,
ui.landing.pricing.plans.2.features.0,"Для тех, кто ищет себя",Oʻzini izlayotganlar uchun,
ui.landing.pricing.plans.2.features.1,Подбор 2–3 целей с обоснованием,Sizga mos 2–3 ta maqsad va nega aynan ular,
ui.landing.pricing.plans.2.features.2,Маршрут к лучшей цели и сравнение вариантов,Eng mos maqsadga yoʻl va boshqa yoʻllar bilan solishtirish,
ui.landing.pricing.plans.2.features.3,PDF для себя и родителей,Oʻzingiz va ota-onangiz uchun PDF,
ui.landing.faq.title,Частые вопросы,Koʻp beriladigan savollar,
ui.landing.faq.items.0.q,Это правда бесплатно?,Bu rostdan ham bepulmi?,
ui.landing.faq.items.0.a,"Тесты и портрет — да, полностью. Платный только полный отчёт с маршрутом, и его можно не покупать.","Testlar va portret — ha, butunlay bepul. Faqat yoʻl xaritasi yozilgan toʻliq hisobot pullik, uni sotib olmasangiz ham boʻladi.",
ui.landing.faq.items.1.q,Какие данные вы собираете?,Qanday maʼlumotlarimni yigʻasizlar?,
ui.landing.faq.items.1.a,"Мы не спрашиваем ФИО, телефон и почту. Аккаунт — это только логин и пароль, и нужен он только перед оплатой.","Biz F.I.Sh., telefon raqami va elektron pochtani soʻramaymiz. Akkaunt uchun faqat login va parol kerak, u ham faqat toʻlovdan oldin.",
ui.landing.faq.items.2.q,На чём основаны результаты?,Natijalar nimaga asoslangan?,
ui.landing.faq.items.2.a,"На признанных методиках: Big Five (личность) и тест Холланда RIASEC (интересы). Баллы считаются по формулам, а ИИ помогает описать результат понятным языком.","Tan olingan metodikalarga: Big Five (shaxsiyat) va Holland RIASEC testi (qiziqishlar). Ballar formulalar boʻyicha hisoblanadi, sunʼiy intellekt esa natijani oddiy, tushunarli tilda yozib beradi.",
ui.landing.faq.items.3.q,Сколько времени это займёт?,Bu qancha vaqt oladi?,
ui.landing.faq.items.3.a,Около 20 минут. Прогресс сохраняется: можно закрыть страницу и продолжить позже.,"Taxminan 20 daqiqa. Javoblaringiz saqlanib boradi: sahifani yopib, keyinroq davom ettirishingiz mumkin.",
ui.landing.faq.items.4.q,Можно ли пройти на узбекском?,Rus tilida topshirsa boʻladimi?,
ui.landing.faq.items.4.a,"Да. Весь сайт и отчёт доступны на узбекском и русском, язык можно сменить в любой момент.","Ha. Sayt ham, hisobot ham oʻzbek va rus tillarida bor, tilni istalgan payt almashtirishingiz mumkin.",
ui.landing.faq.more,Все вопросы,Barcha savollar,
ui.landing.finalCta.title,"Узнайте, куда вам двигаться",Qaysi yoʻldan borishingizni bilib oling,
ui.landing.finalCta.text,"Первый результат — бесплатно, уже через 20 минут.",Birinchi natija bepul — atigi 20 daqiqada.,
ui.pages.howItWorks.title,Как это работает,Bu qanday ishlaydi,
ui.pages.howItWorks.intro,"yourway.uz — это навигатор возможностей. Вуз, курсы, фриланс или свой бизнес — это инструменты, а не цель. Мы помогаем понять, куда идти и как туда дойти.","yourway.uz — imkoniyatlar navigatori. Oliygoh, kurslar, frilans yoki oʻz biznesingiz — bular maqsad emas, vosita. Biz qaysi yoʻldan borishni va maqsadga qanday yetishni tushunishga yordam beramiz.",
ui.pages.howItWorks.honestyTitle,Честно о результатах,Natijalar haqida ochiq gap,
ui.pages.howItWorks.honesty,"Суммы и сроки в отчёте — ориентировочные диапазоны. Отчёт советует, но не решает за вас.","Hisobotdagi summa va muddatlar — taxminiy oraliqlar. Hisobot maslahat beradi, lekin siz uchun qaror qabul qilmaydi.",
ui.pages.pricing.title,Цены,Narxlar,
ui.pages.pricing.intro,Никаких подписок: вы платите один раз за один отчёт.,Hech qanday obuna yoʻq: bitta hisobot uchun bir marta toʻlaysiz.,
ui.pages.pricing.paymentNote,"Способы оплаты (Payme, Click, Uzum) появятся перед запуском.","Toʻlov usullari (Payme, Click, Uzum) ishga tushirishdan oldin qoʻshiladi.",
ui.pages.faq.title,Частые вопросы,Koʻp beriladigan savollar,
ui.pages.offer.title,Публичная оферта,Ommaviy oferta,
ui.pages.offer.body.0,Здесь будет текст публичной оферты. Его подготовит юрист перед запуском.,Bu yerda ommaviy oferta matni boʻladi. Uni ishga tushirishdan oldin yurist tayyorlaydi.,
ui.pages.offer.body.1,"Оферта описывает условия оказания услуги, порядок оплаты и возврата.","Oferta xizmat koʻrsatish shartlari, toʻlov va pulni qaytarish tartibini tavsiflaydi.",
ui.pages.privacy.title,Политика конфиденциальности,Maxfiylik siyosati,
ui.pages.privacy.body.0,Здесь будет текст политики конфиденциальности. Его подготовит юрист перед запуском.,Bu yerda maxfiylik siyosati matni boʻladi. Uni ishga tushirishdan oldin yurist tayyorlaydi.,
ui.pages.privacy.body.1,"Коротко: мы не собираем ФИО, телефон и e-mail. Ответы на тесты используются только для составления вашего отчёта. Аккаунт можно удалить вместе со всеми данными.","Qisqasi: biz F.I.Sh., telefon va elektron pochtani yigʻmaymiz. Testlarga bergan javoblaringiz faqat hisobotingizni tuzish uchun ishlatiladi. Akkauntni barcha maʼlumotlar bilan birga oʻchirish mumkin.",
ui.start.subtitle,"Тесты одинаковые для всех. От ответа зависит только то, какой отчёт мы порекомендуем в конце.",Testlar hamma uchun bir xil. Javobingizga qarab faqat oxirida qaysi hisobotni tavsiya qilishimiz oʻzgaradi.,
ui.start.hints.knows_goal,Проверим цель на реальность и построим путь к ней.,Maqsadingiz qanchalik real ekanini baholaymiz va unga olib boradigan yoʻlni tuzamiz.,
ui.start.hints.no_goal,Подберём подходящие цели и путь к лучшей из них.,Sizga mos maqsadlarni va eng mosiga olib boradigan yoʻlni topamiz.,
ui.start.note,4 теста · 110 вопросов · около 20 минут. Без регистрации. Прогресс сохраняется автоматически.,4 ta test · 110 ta savol · taxminan 20 daqiqa. Roʻyxatdan oʻtish shart emas. Javoblar oʻzi saqlanib boradi.,
ui.start.resumeTitle,Продолжим?,Davom ettiramizmi?,
ui.start.resumeText,Отвечено {done} из {total} вопросов. Можно продолжить с того же места.,{total} ta savoldan {done} tasiga javob berilgan. Toʻxtagan joyingizdan davom ettirishingiz mumkin.,
ui.start.resume,Продолжить,Davom ettirish,
ui.start.restart,Начать заново,Qaytadan boshlash,
ui.start.doneTitle,Тесты пройдены!,Testlar yakunlandi!,
ui.start.doneText,"Следующий шаг — короткий опрос о вас, ваших возможностях и цели.","Keyingi qadam — siz, imkoniyatlaringiz va maqsadingiz haqida qisqa soʻrovnoma.",
ui.start.continueToSurvey,Дальше: опрос,Keyingisi: soʻrovnoma,
ui.start.surveyDoneTitle,Профиль готов!,Profil tayyor!,
ui.start.surveyDoneText,Тесты и опрос пройдены. Ваш бесплатный портрет уже ждёт.,Testlar va soʻrovnoma yakunlandi. Bepul portretingiz tayyor.,
ui.start.toTeaser,Посмотреть мой портрет,Portretimni koʻrish,
ui.test.parts.big_five,Личность,Shaxsiyat,
ui.test.parts.riasec,Интересы,Qiziqishlar,
ui.test.parts.values,Ценности,Qadriyatlar,
ui.test.parts.perception,Как вы учитесь,Qanday oʻrganasiz,
ui.test.prompts.big_five,Насколько это про вас?,Bu sizga qanchalik mos keladi?,
ui.test.prompts.riasec,Насколько вам это интересно?,Bu sizga qanchalik qiziq?,
ui.test.prompts.values,Насколько это важно для вас?,Bu siz uchun qanchalik muhim?,
ui.test.prompts.perception,Насколько это про вас?,Bu sizga qanchalik mos keladi?,
ui.test.partOf,Часть {n} из {total},{total} qismdan {n}-qism,
ui.test.questionOf,Вопрос {n} из {total},{total} ta savoldan {n}-savol,
ui.test.back,Назад,Orqaga,
ui.test.offline,"Нет связи. Ответы сохранены на этом устройстве и отправятся, когда связь появится.",Aloqa yoʻq. Javoblar shu qurilmada saqlandi va aloqa tiklanganda yuboriladi.,
ui.test.sessionLost,"Эта сессия больше не активна: возможно, тесты начаты заново в другой вкладке.","Bu sessiya endi faol emas: ehtimol, testlar boshqa oynada qaytadan boshlangan.",
ui.test.reload,Обновить страницу,Sahifani yangilash,
ui.test.saving,Сохраняем последние ответы…,Oxirgi javoblar saqlanmoqda…,
ui.test.devLink,Посмотреть посчитанные баллы (страница для разработки),Hisoblangan ballarni koʻrish (ishlab chiqish uchun sahifa),
ui.survey.next,Далее,Keyingisi,
ui.survey.skip,Пропустить,Oʻtkazib yuborish,
ui.survey.back,Назад,Orqaga,
ui.survey.partOf,Часть {n} из {total},{total} qismdan {n}-qism,
ui.survey.questionOf,Вопрос {n} из {total},{total} ta savoldan {n}-savol,
ui.survey.numberRange,Число от {min} до {max},{min} dan {max} gacha son,
ui.survey.offline,"Нет связи. Ответы сохранены на этом устройстве и отправятся, когда связь появится.",Aloqa yoʻq. Javoblar shu qurilmada saqlandi va aloqa tiklanganda yuboriladi.,
ui.survey.sessionLost,"Эта сессия больше не активна: возможно, опрос начат заново в другой вкладке.","Bu sessiya endi faol emas: ehtimol, soʻrovnoma boshqa oynada qaytadan boshlangan.",
ui.survey.reload,Обновить страницу,Sahifani yangilash,
ui.survey.saving,Сохраняем последние ответы…,Oxirgi javoblar saqlanmoqda…,
ui.survey.devLink,Посмотреть собранный профиль (страница для разработки),Tuzilgan profilni koʻrish (ishlab chiqish uchun sahifa),
ui.survey.doneTitle,Опрос пройден!,Soʻrovnoma yakunlandi!,
ui.survey.doneText,Профиль готов. Сейчас откроется ваш бесплатный портрет.,Profil tayyor. Hozir bepul portretingiz ochiladi.,
ui.teaser.mockBadge,Тестовый режим ИИ,Sunʼiy intellekt: test rejimi,
ui.teaser.mockNote,"Сейчас показан готовый образец, а не настоящий анализ ваших ответов.","Hozir javoblaringizning haqiqiy tahlili emas, balki tayyor namuna koʻrsatilmoqda.",
ui.teaser.generating.title,Анализируем ваш профиль…,Profilingizni tahlil qilyapmiz…,
ui.teaser.generating.steps.0,Смотрим на черты вашей личности,Shaxsiyatingiz xususiyatlarini koʻrib chiqyapmiz,
ui.teaser.generating.steps.1,Сопоставляем интересы и ценности,Qiziqish va qadriyatlaringizni solishtiryapmiz,
ui.teaser.generating.steps.2,Ищем ваши сильные стороны,Kuchli tomonlaringizni aniqlayapmiz,
ui.teaser.generating.steps.3,Подбираем подходящие направления,Sizga mos yoʻnalishlarni tanlayapmiz,
ui.teaser.generating.steps.4,Пишем ваш портрет,Portretingizni yozyapmiz,
ui.teaser.generating.wait,Обычно это занимает до 40 секунд. Не закрывайте страницу.,Odatda bu 40 soniyagacha davom etadi. Sahifani yopmang.,
ui.teaser.failedTitle,Не получилось составить портрет,Portretni tuzib boʻlmadi,
ui.teaser.failedText,Что-то пошло не так на нашей стороне. Ваши ответы сохранены — попробуйте ещё раз.,Biz tomonda nimadir notoʻgʻri ketdi. Javoblaringiz saqlangan — yana bir bor urinib koʻring.,
ui.teaser.networkError,Нет связи с сервером. Проверьте интернет и попробуйте ещё раз.,"Server bilan aloqa yoʻq. Internetni tekshirib, yana urinib koʻring.",
ui.teaser.retry,Попробовать ещё раз,Qayta urinish,
ui.teaser.limitTitle,Лимит портретов исчерпан,Portretlar limiti tugadi,
ui.teaser.limitSession,"В этой сессии портрет уже составлен. Чтобы получить новый, пройдите тесты заново.",Bu sessiyada portret allaqachon tuzilgan. Yangisini olish uchun testlarni qaytadan topshiring.,
ui.teaser.limitIp,Сегодня из вашей сети составили слишком много портретов. Попробуйте завтра.,Bugun sizning tarmogʻingizdan juda koʻp portret tuzildi. Ertaga urinib koʻring.,
ui.teaser.yourType,Ваш тип,Sizning tipingiz,
ui.teaser.strengthsTitle,Ваши сильные стороны,Kuchli tomonlaringiz,
ui.teaser.directionsTitle,Вам подходит,Sizga mos yoʻnalishlar,
ui.teaser.surpriseTitle,Неожиданное направление,Sizni hayron qoldirishi mumkin boʻlgan yoʻnalish,
ui.teaser.surpriseLocked,Название и путь — в полном отчёте,Uning nomi va unga olib boradigan yoʻl — toʻliq hisobotda,
ui.teaser.tocTitle,Что внутри полного отчёта,Toʻliq hisobotda nimalar bor,
ui.teaser.tocCount,Разделов под замком: {n},Qulf ostidagi boʻlimlar: {n},
ui.teaser.generalToc.0,Полный психологический портрет: как вы думаете и принимаете решения,Toʻliq psixologik portret: qanday fikrlaysiz va qanday qaror qabul qilasiz,
ui.teaser.generalToc.1,Ваши сильные стороны и как на них опираться,Kuchli tomonlaringiz va ularga qanday tayanish mumkin,
ui.teaser.generalToc.2,На что обратить внимание (мягко и честно),"Nimalarga eʼtibor berish kerak (ochiq, lekin ohista)",
ui.teaser.generalToc.3,Точка А: ваши ресурсы и возможности сейчас,Hozir qayerdasiz: bor imkoniyatlaringiz,
ui.teaser.generalToc.4,"Точка Б: цель, сформулированная измеримо","Qayerga bormoqchisiz: aniq, oʻlchab boʻladigan maqsad",
ui.teaser.generalToc.5,Главный маршрут из точки А в точку Б по шагам,Maqsadgacha asosiy yoʻl — qadamma-qadam,
ui.teaser.generalToc.6,Вариант «здесь и недорого»,"Shu yerda, katta xarajatsiz oʻqish yoʻli",
ui.teaser.generalToc.7,Вариант «за рубежом»: экзамены и расходы (ориентировочно),Chet elda oʻqish yoʻli: qaysi imtihonlar kerak va taxminan qancha turadi,
ui.teaser.generalToc.8,Вариант «онлайн для занятых»,Vaqti kam odamlar uchun onlayn yoʻl,
ui.teaser.generalToc.9,Лёгкий путь и сложный путь: что даёт каждый,Oson yoʻl va qiyin yoʻl: qaysi biri nima beradi,
ui.teaser.generalToc.10,Сроки и деньги: честные диапазоны,Muddat va pul: taxminiy oraliqlar,
ui.teaser.generalToc.11,Как вам учиться эффективнее — под ваш стиль,"Qanday oʻrgansangiz, natija tezroq boʻladi",
ui.teaser.generalToc.12,Будущее направления: что изменит ИИ,Yoʻnalish kelajagi: sunʼiy intellekt nimani oʻzgartiradi,
ui.teaser.generalToc.13,Неожиданное направление: почему именно вы,Sizni hayron qoldiradigan yoʻnalish va nega u aynan sizga mos,
ui.teaser.generalToc.14,Первые шаги в неожиданном направлении,Bu yoʻnalishda nimadan boshlash kerak,
ui.teaser.generalToc.15,Что сделать уже на этой неделе,Shu haftaning oʻzida nima qilsangiz boʻladi,
ui.teaser.pathToc.knows_goal,Проверка вашей цели на реальность,Maqsadingiz qanchalik real ekanini baholash,
ui.teaser.pathToc.no_goal,"2–3 цели, подобранные под вас, с обоснованием",Sizga mos 2–3 ta maqsad va nega aynan ular,
ui.teaser.unlockTitle,Откройте свой маршрут,Oʻz yoʻlingizni oching,
ui.teaser.unlockText,"Полный отчёт: цель, шаги, сроки и деньги (ориентировочно), запасные варианты и неожиданное направление.","Toʻliq hisobot: maqsad, qadamlar, muddat va pul (taxminiy), zaxira yoʻllar va sizni hayron qoldirishi mumkin boʻlgan yoʻnalish.",
ui.teaser.recommended,Рекомендуем вам,Sizga tavsiya qilamiz,
ui.teaser.levels.route,«Маршрут»,«Marshrut»,
ui.teaser.levels.navigator,«Навигатор»,«Navigator»,
ui.teaser.unlockCta,Открыть полный отчёт,Toʻliq hisobotni ochish,
ui.teaser.lowQualityTitle,Небольшая подсказка,Kichik maslahat,
ui.teaser.lowQualityText,"Похоже, ответы на часть вопросов получились почти одинаковыми — так бывает при усталости или спешке. Поэтому портрет может быть не совсем точным. Если хотите, пройдите тесты ещё раз, когда будет спокойная минута: это бесплатно.","Aftidan, savollarning bir qismiga deyarli bir xil javob berilgan — odam charchaganda yoki shoshganda shunday boʻladi. Shuning uchun portret unchalik aniq chiqmagan boʻlishi mumkin. Istasangiz, bemalol vaqt topib, testlarni qaytadan topshiring: bu bepul.",
ui.teaser.retakeCta,Пройти тесты ещё раз,Testlarni qaytadan topshirish,
ui.teaser.languageNames.uz,узбекском,oʻzbek,
ui.teaser.languageNames.ru,русском,rus,
ui.teaser.otherLanguage,Этот портрет составлен на {lang} языке.,Bu portret {lang} tilida tuzilgan.,
ui.teaser.makeInLanguage,Составить портрет на {lang} языке,Portretni {lang} tilida tuzish,
ui.teaser.langRegenUsed,Портрет на другом языке в этой сессии уже составить нельзя.,Bu sessiyada portretni boshqa tilda endi tuzib boʻlmaydi.,
ui.teaser.devLink,Посмотреть профиль и баллы (страница для разработки),Profil va ballarni koʻrish (ishlab chiqish uchun sahifa),
ui.devProfile.title,Баллы сессии,Sessiya ballari,
ui.devProfile.note,Служебная страница для проверки подсчёта. На боевом сайте не открывается.,Hisoblashni tekshirish uchun xizmat sahifasi. Asosiy saytda ochilmaydi.,
ui.devProfile.session,Сессия,Sessiya,
ui.devProfile.pathType,Развилка,Tanlangan yoʻl,
ui.devProfile.status,Статус,Holat,
ui.devProfile.answered,Отвечено вопросов,Javob berilgan savollar,
ui.devProfile.notDone,"Тесты пройдены не полностью. Баллы появятся, когда будут отвечены все 110 вопросов.",Testlar toʻliq yakunlanmagan. Ballar 110 ta savolning barchasiga javob berilgandan keyin paydo boʻladi.,
ui.devProfile.bigFive,Big Five (личность),Big Five (shaxsiyat),
ui.devProfile.bigFiveNames.neuroticism,Нейротизм,Neyrotizm,
ui.devProfile.bigFiveNames.extraversion,Экстраверсия,Ekstraversiya,
ui.devProfile.bigFiveNames.openness,Открытость,Ochiqlik,
ui.devProfile.bigFiveNames.agreeableness,Доброжелательность,Xushmuomalalik,
ui.devProfile.bigFiveNames.conscientiousness,Сознательность,Masʼuliyatlilik,
ui.devProfile.levels.low,низкий,past,
ui.devProfile.levels.medium,средний,oʻrta,
ui.devProfile.levels.high,высокий,yuqori,
ui.devProfile.rawSum,сумма,yigʻindi,
ui.devProfile.sixteenType,16-тип,16 tip,
ui.devProfile.weakAxes,Слабо выраженные оси (только во внутренних данных),Kuchsiz ifodalangan oʻqlar (faqat ichki maʼlumotlarda),
ui.devProfile.none,нет,yoʻq,
ui.devProfile.riasec,RIASEC (интересы),RIASEC (qiziqishlar),
ui.devProfile.code,Код,Kod,
ui.devProfile.values,Ценности (от важной к менее важной),Qadriyatlar (muhimdan kamroq muhimga),
ui.devProfile.learningStyle,Стиль восприятия,Idrok uslubi,
ui.devProfile.points,баллов,ball,
ui.devProfile.json,Все данные (JSON),Barcha maʼlumotlar (JSON),
ui.devProfile.surveyTitle,Контекстный опрос,Qoʻshimcha soʻrovnoma,
ui.devProfile.profileNotDone,"Опрос пройден не полностью. Профиль появится, когда будут отвечены все вопросы опроса.",Soʻrovnoma toʻliq yakunlanmagan. Profil soʻrovnomaning barcha savollariga javob berilgandan keyin paydo boʻladi.,
ui.devProfile.profileTitle,Профиль для ИИ (Приложение А §9),Sunʼiy intellekt uchun profil (Ilova A §9),
ui.devProfile.languageLabel,Язык профиля,Profil tili,
ui.devProfile.level,Уровень по умолчанию,Standart daraja,
ui.devProfile.answerQuality,Качество ответов,Javoblar sifati,
ui.devProfile.answerQualityLow,подозрительно ровные ответы: {tests},shubhali bir xil javoblar: {tests},
ui.devProfile.answerQualityOk,без замечаний,izohsiz,
ui.devProfile.demographics,Демография,Demografiya,
ui.devProfile.resources,Ресурсы,Imkoniyatlar,
ui.devProfile.goal,Цель,Maqsad,
ui.devProfile.profileJson,Профиль целиком (JSON),Butun profil (JSON),
ui.notFound.title,Страница не найдена,Sahifa topilmadi,
ui.notFound.text,"Возможно, ссылка устарела.",Havola eskirgan boʻlishi mumkin.,
mock.teaser.personality_type_label,Исследователь-Творец,Izlanuvchan ijodkor,
mock.teaser.portrait,"Вы сочетаете редкое любопытство с тягой к самовыражению: вам важно понимать, как всё устроено, и делать это по-своему. Вы цените свободу выше стабильности — вам тесно в жёстких рамках.",Siz har narsaning qanday ishlashini tushunishni va keyin uni oʻzingizcha qilishni yaxshi koʻrasiz. Qiziquvchanligingiz va oʻzingizni ifoda etish istagingiz bir-birini toʻldiradi. Erkinlik siz uchun barqarorlikdan muhimroq: qatʼiy qoidalar ichida oʻzingizni siqilgandek his qilasiz.,
mock.teaser.top_strengths.0,Быстро схватываете новое,Yangi narsani tez ilgʻab olasiz,
mock.teaser.top_strengths.1,Мыслите нестандартно,Odatdagidan boshqacha fikrlaysiz,
mock.teaser.top_strengths.2,Учитесь через практику,"Qilib koʻrib, amalda oʻrganasiz",
mock.teaser.fitting_directions.0.title,Продуктовый/UX-дизайн,Mahsulot va interfeys dizayni,
mock.teaser.fitting_directions.0.one_liner,ваша связка творчества и анализа здесь работает напрямую,ijodkorligingiz va tahliliy fikringiz bu yerda birga ishlaydi,
mock.teaser.fitting_directions.1.title,Разработка и no-code,Dasturlash va kod yozmasdan ilova yaratish,
mock.teaser.fitting_directions.1.one_liner,любознательность + практика = быстрый рост,qiziquvchanlik va amaliyot tez oʻsishga olib keladi,
mock.teaser.surprise_hook,"По вашему профилю есть одно направление, о котором вы, скорее всего, не думали — а именно там ваша тяга к свободе может превратиться в самый большой доход. 🔒","Natijalaringizda yana bir yoʻnalish koʻrindi — ehtimol, uni hali oʻylab koʻrmagansiz. Aynan oʻsha yerda erkinlikka intilishingiz eng katta daromadga aylanishi mumkin. 🔒",
mock.teaser.surprise_direction_internal,продуктовое предпринимательство / микро-SaaS,oʻz raqamli mahsulotini yaratish va sotish,
mock.teaser.locked_toc.0,Ваш полный психологический портрет,Toʻliq psixologik portretingiz,
mock.teaser.locked_toc.1,3 маршрута к цели $2000+,Oyiga $2000 dan ortiq daromadga olib boradigan 3 ta yoʻl,
mock.teaser.locked_toc.2,Сколько это стоит и сколько займёт,Bu qancha turadi va qancha vaqt oladi,
mock.teaser.locked_toc.3,Что учить в первые 90 дней,Dastlabki 90 kunda nimani oʻrganish kerak,
mock.teaser.locked_toc.4,Как получить первый заказ без опыта,Tajribasiz birinchi buyurtmani qanday olish mumkin,
mock.teaser.locked_toc.5,Неожиданное направление и почему оно ваше,Sizni hayron qoldiradigan yoʻnalish va nega aynan u sizga mos,
mock.teaser.locked_toc.6,Что делать уже на этой неделе,Shu haftaning oʻzida nimadan boshlash kerak,
survey.about.title,О вас,Siz haqingizda,
survey.age.text,Сколько вам лет?,Yoshingiz nechada?,
survey.gender.text,Ваш пол,Jinsingiz,
survey.gender.option.m,Мужской,Erkak,
survey.gender.option.f,Женский,Ayol,
survey.gender.option.na,Не указывать,Koʻrsatmaslik,
survey.status.text,Ваша текущая ситуация,Hozir nima bilan bandsiz?,
survey.status.option.school,Школьник / выпускник школы,Maktab oʻquvchisi / bitiruvchi,
survey.status.option.student,Студент,Talaba,
survey.status.option.working,Работаю,Ishlayapman,
survey.status.option.not_working,Сейчас не работаю и не учусь,Hozir ishlamayman va oʻqimayman,
survey.resources.title,Ваши возможности (где вы сейчас),Imkoniyatlaringiz (hozir qayerdasiz),
survey.budget.text,Сколько вы примерно готовы вложить в обучение (в год)?,Oʻqishga yiliga taxminan qancha pul ajrata olasiz?,
survey.budget.option.none,Пока нет бюджета,Hozircha byudjet yoʻq,
survey.budget.option.low,До 5 млн сум,5 mln soʻmgacha,
survey.budget.option.mid,5–20 млн сум,5–20 mln soʻm,
survey.budget.option.high,20–50 млн сум,20–50 mln soʻm,
survey.budget.option.very_high,Более 50 млн сум,50 mln soʻmdan koʻp,
survey.hours.text,Сколько времени в неделю вы можете уделять учёбе/развитию?,Haftasiga oʻqish va oʻz ustingizda ishlashga qancha vaqt ajrata olasiz?,
survey.hours.option.<5,Меньше 5 часов,5 soatdan kam,
survey.hours.option.5-10,5–10 часов,5–10 soat,
survey.hours.option.10-20,10–20 часов,10–20 soat,
survey.hours.option.20-40,20–40 часов,20–40 soat,
survey.hours.option.40+,Более 40 часов,40 soatdan koʻp,
survey.languages.text,Какими языками вы владеете?,Qaysi tillarni bilasiz?,
survey.languages.option.uz,Узбекский,Oʻzbek,
survey.languages.option.ru,Русский,Rus,
survey.languages.option.en,Английский,Ingliz,
survey.languages.option.other,Другой,Boshqa,
survey.english_level.text,Ваш уровень английского,Ingliz tilini qay darajada bilasiz?,
survey.english_level.option.none,Не владею,Bilmayman,
survey.english_level.option.basic,Базовый,Boshlangʻich,
survey.english_level.option.intermediate,Средний,Oʻrta,
survey.english_level.option.advanced,Свободный,Erkin,
survey.relocation.text,Готовы ли вы к переезду ради учёбы или работы?,Oʻqish yoki ish uchun boshqa joyga koʻchib oʻtishga tayyormisiz?,
survey.relocation.option.no,"Нет, только там, где живу","Yoʻq, faqat yashaydigan joyimda",
survey.relocation.option.within_country,"Да, в пределах Узбекистана","Ha, Oʻzbekiston ichida",
survey.relocation.option.abroad,"Да, в том числе за рубеж","Ha, chet elga ham",
survey.online_ok.text,Готовы ли вы учиться онлайн?,Onlayn oʻqishga tayyormisiz?,
survey.online_ok.option.yes,Да,Ha,
survey.online_ok.option.maybe,Возможно,Balki,
survey.online_ok.option.no,Предпочитаю очно,Yuzma-yuz afzal,
survey.experience.text,Есть ли у вас опыт работы или навыки в какой-либо сфере?,Biror sohada ish tajribangiz yoki qoʻlingizdan keladigan ishingiz bormi?,
survey.experience.option.none,Нет опыта,Tajriba yoʻq,
survey.experience.option.some,"Немного, начинающий","Bir oz, boshlangʻich",
survey.experience.option.experienced,Есть заметный опыт,Sezilarli tajriba bor,
survey.skills_text.text,"Опишите свои навыки или опыт, если есть (необязательно)",Tajribangiz yoki nimalarni qila olishingiz haqida yozing (majburiy emas),
survey.interests_text.text,Что вам нравится делать? Чем вы увлекаетесь? (необязательно),Nima qilishni yoqtirasiz? Nimalarga qiziqasiz? (majburiy emas),
survey.goal_fork.title,Ваша цель,Maqsadingiz,
survey.path_type.text,"Знаете ли вы, кем хотите стать / какую цель хотите достичь?",Kim boʻlishni yoki qanday maqsadga erishishni xohlashingizni bilasizmi?,
survey.path_type.option.knows_goal,"Да, у меня есть цель","Ha, maqsadim bor",
survey.path_type.option.no_goal,"Нет, хочу разобраться","Yoʻq, buni aniqlab olmoqchiman",
survey.goal_details.title,Подробнее о цели,Maqsad haqida batafsil,
survey.goal_text.text,Опишите свою цель своими словами,Maqsadingizni oʻz soʻzlaringiz bilan yozing,
survey.desired_income.text,Какой доход в месяц вы хотите в будущем?,Kelajakda oyiga qancha daromad olishni xohlaysiz?,
survey.desired_income.option.<5m,До 5 млн сум,5 mln soʻmgacha,
survey.desired_income.option.5-10m,5–10 млн сум,5–10 mln soʻm,
survey.desired_income.option.10-20m,10–20 млн сум,10–20 mln soʻm,
survey.desired_income.option.20-50m,20–50 млн сум,20–50 mln soʻm,
survey.desired_income.option.50m+,Более 50 млн сум,50 mln soʻmdan koʻp,
survey.employment_type.text,Какой формат работы вам ближе?,Qanday ishlash sizga yaqinroq?,
survey.employment_type.option.employee,Найм в компании,Kompaniyada ishlash,
survey.employment_type.option.gov,Госслужба,Davlat xizmati,
survey.employment_type.option.business,Свой бизнес,Oʻz biznesi,
survey.employment_type.option.freelance,Фриланс / удалёнка,Frilans / masofaviy,
survey.employment_type.option.unsure,Пока не знаю,Hali bilmayman,
survey.timeframe.text,За какой срок вы хотите достичь цели?,Maqsadingizga qancha vaqtda erishmoqchisiz?,
survey.timeframe.option.1y,Около года,Taxminan bir yil,
survey.timeframe.option.2-3y,2–3 года,2–3 yil,
survey.timeframe.option.3-5y,3–5 лет,3–5 yil,
survey.timeframe.option.5y+,Более 5 лет,5 yildan koʻp,
survey.risk.text,Как вы относитесь к риску?,Tavakkalga qanday qaraysiz?,
survey.risk.option.low,Низкий: стабильность важнее,Past: barqarorlik muhimroq,
survey.risk.option.medium,Средний: готов на разумный риск,Oʻrta: oqilona tavakkalga tayyorman,
survey.risk.option.high,Высокий: готов рисковать ради большего,Yuqori: koʻproq uchun tavakkal qilaman,
survey.lifestyle.text,Что для вас важно в образе жизни? (можно несколько),Hayot tarzida siz uchun nima muhim? (bir nechtasini tanlash mumkin),
survey.lifestyle.option.flexible,Свободный график,Erkin jadval,
survey.lifestyle.option.stable,Стабильный график,Barqaror jadval,
survey.lifestyle.option.remote,Удалёнка / путешествия,Masofaviy / sayohat,
survey.lifestyle.option.fast_growth,Быстрый карьерный рост,Tez martaba oʻsishi,
survey.lifestyle.option.balance,Спокойствие и баланс,Xotirjamlik va muvozanat,
test.big_five.answer.1,Совершенно не про меня / полностью не согласен,Umuman men haqimda emas,
test.big_five.answer.2,Скорее не про меня,Koʻproq men haqimda emas,
test.big_five.answer.3,Нейтрально / затрудняюсь ответить,Neytral,
test.big_five.answer.4,Скорее про меня,Koʻproq men haqimda,
test.big_five.answer.5,Полностью про меня / полностью согласен,Toʻliq men haqimda,
test.big_five.q1,Часто беспокоюсь по пустякам.,Arzimagan narsalar tufayli tez-tez xavotirlanaman.,
test.big_five.q2,В большинстве ситуаций чувствую себя спокойно и расслабленно.,Koʻp vaziyatlarda oʻzimni xotirjam va boʻshashgan his qilaman.,
test.big_five.q3,"Легко выхожу из себя, когда что-то идёт не по плану.","Biror narsa rejaga muvofiq boʻlmaganda, tez jahlim chiqadi.",
test.big_five.q4,Обычно я сдержан даже в раздражающих ситуациях.,Odatda asabiylashtiradigan vaziyatlarda ham oʻzimni tuta olaman.,
test.big_five.q5,Временами я чувствую себя совершенно подавленным.,Baʼzan oʻzimni butunlay ezilgan his qilaman.,
test.big_five.q6,В целом я доволен своей жизнью и работой.,"Umuman olganda, hayotim va ishimdan qoniqqanman.",
test.big_five.q7,В присутствии незнакомых людей я чувствую себя неловко.,Notanish odamlar oldida oʻzimni noqulay his qilaman.,
test.big_five.q8,"Меня не беспокоит, что обо мне думают окружающие.",Atrofdagilar men haqimda nima deb oʻylashini bilish meni bezovta qilmaydi.,
test.big_five.q9,"Мне сложно устоять перед соблазнами, даже когда я знаю, что это во вред.",Zararli ekanligini bilsam ham vasvasalarga qarshilik qilish menga qiyin.,
test.big_five.q10,Я хорошо контролирую свои импульсивные желания.,Men oʻzining impulsiv istaklarini yaxshi nazorat qilaman.,
test.big_five.q11,"В стрессовых ситуациях я нередко теряюсь и не знаю, что делать.",Stressli vaziyatlarda koʻpincha adashib qolaman va nima qilishni bilmayman.,
test.big_five.q12,Я сохраняю ясность мышления даже под значительным давлением.,Sezilarli bosim ostida ham fikrning ravshanligini saqlab qolaman.,
test.big_five.q13,Я легко схожусь с новыми людьми.,Yangi odamlar bilan osongina til topishaman.,
test.big_five.q14,"Мне требуется немало времени, чтобы почувствовать себя комфортно с незнакомцами.",Notanish odamlar bilan qulay his qilish uchun menga koʻp vaqt kerak.,
test.big_five.q15,Мне нравится бывать на многолюдных мероприятиях.,Koʻp odamlar qatnashadigan tadbirlarda boʻlishni yaxshi koʻraman.,
test.big_five.q16,Я предпочитаю небольшие компании большим собраниям.,Katta yigʻilishlarga qaraganda kichik kompaniyalarni afzal koʻraman.,
test.big_five.q17,"В групповых обсуждениях я, как правило, беру слово первым.",Guruhiy muhokamalar paytida odatda birinchi boʻlib soʻz olaman.,
test.big_five.q18,"Я предпочитаю уступать инициативу другим, а не брать её на себя.",Tashabbusni oʻzimga olishdan koʻra uni boshqalarga berishni afzal koʻraman.,
test.big_five.q19,Я обычно занят и веду активный образ жизни.,Men odatda band boʻlaman va faol hayot tarzini olib boraman.,
test.big_five.q20,Мне нравится не спешить и работать в спокойном темпе.,Shoshilmaslik va tinch surʼatda ishlashni yaxshi koʻraman.,
test.big_five.q21,"Меня привлекают ситуации, связанные с определённым риском и адреналином.",Maʼlum xavf va adrenalin bilan bogʻliq vaziyatlar meni jalb qiladi.,
test.big_five.q22,Я предпочитаю предсказуемость и стабильность острым ощущениям.,Men oʻtkir hissiyotlardan koʻra bashorat qilinish va barqarorlikni afzal koʻraman.,
test.big_five.q23,Большую часть времени я настроен оптимистично и радостно.,Koʻp vaqt davomida optimistik va quvnoq kayfiyatdaman.,
test.big_five.q24,Я редко испытываю искренний энтузиазм или воодушевление.,Men kamdan-kam chin entuziastlik yoki ilhom his qilaman.,
test.big_five.q25,"Я склонен доверять людям, пока они не дадут мне повод усомниться в них.","Odamlar menga shubha qilish uchun sabab bermaguncha, ularga ishonishga moyilman.",
test.big_five.q26,"Мне кажется, что большинство людей преследуют скрытые интересы.",Koʻpchilik odamlar yashirin manfaatlarni koʻzlaydigan koʻrinadi.,
test.big_five.q27,"Я считаю, что честность важна даже тогда, когда правда неудобна.",Haqiqat noqulay boʻlgan paytda ham halollik muhim deb hisoblayman.,
test.big_five.q28,Иногда небольшая ложь во благо вполне оправдана.,Baʼzan ezgulik uchun kichik yolgʻon toʻliq oqlangan.,
test.big_five.q29,"Мне приносит удовольствие помогать другим, даже если это требует усилий.","Harakat talab qilsa ham, boshqalarga yordam berish menga zavq beradi.",
test.big_five.q30,"Я считаю, что каждый должен решать свои проблемы самостоятельно.",Har kim oʻz muammolarini mustaqil hal qilishi kerak deb hisoblayman.,
test.big_five.q31,"Я стараюсь находить компромисс, когда возникают разногласия.",Kelishmovchiliklar yuzaga kelganda murosaga erishishga harakat qilaman.,
test.big_five.q32,"В споре я настаиваю на своём, пока не убеждён в правоте оппонента.",Tortishuvda raqibimning haqligiga ishonmaguncha oʻz fikrimda turaman.,
test.big_five.q33,Я не склонен выставлять свои достижения напоказ.,Men oʻz yutuqlarimni namoyish qilishga moyil emasman.,
test.big_five.q34,"Я заслуживаю большего признания, чем обычно получаю.",Men odatda olayotganimdan koʻra koʻproq tan olinishga loyiqman.,
test.big_five.q35,"Чужая боль отзывается во мне так, словно это моя собственная.",Begonaning ogʻrigʻi goʻyo oʻzimnikinday ichimda aks-sado beradi.,
test.big_five.q36,Меня мало трогают чужие жалобы — каждый сам строит свою судьбу.,Boshqalarning shikoyatlari meni unchalik qiynaltiravermaydi — har kim oʻz taqdirini oʻzi qurar.,
test.big_five.q37,Я уверен в своей способности справляться со сложными задачами.,Murakkab vazifalarni bajarish qobiliyatimga ishonaman.,
test.big_five.q38,"Столкнувшись с трудным заданием, я нередко сомневаюсь в своих силах.","Qiyin vazifa bilan toʻqnashganda, koʻpincha oʻz kuchimga shubha qilaman.",
test.big_five.q39,На моём рабочем месте всегда поддерживается порядок.,Mening ish joyimda doim tartib saqlanadi.,
test.big_five.q40,Мне сложно поддерживать порядок в документах и файлах.,Hujjatlar va fayllarda tartibni saqlash menga qiyin.,
test.big_five.q41,"Я выполняю взятые на себя обязательства, даже если это неудобно.","Noqulay boʻlsa ham, oʻz zimmamdagi majburiyatlarni bajaraman.",
test.big_five.q42,"Иногда я нарушаю правила, если считаю их излишними.","Baʼzan qoidalarni ortiqcha deb hisoblasam, ularni buzaman.",
test.big_five.q43,Я ставлю перед собой амбициозные цели и прилагаю усилия для их достижения.,Men oʻz oldimga ambitsiyali maqsadlar qoʻyaman va ularga erishish uchun harakat qilaman.,
test.big_five.q44,Мне достаточно выполнять работу на приемлемом уровне — перфекционизм меня не привлекает.,Menga ishni qabul qilinadigan darajada bajarish yetarli — perfektsionizm meni oʻziga tortmaydi.,
test.big_five.q45,"Я придерживаюсь намеченного плана, даже когда хочется отложить дело.","Ishni keyinga qoldirmoqchi boʻlsam ham, belgilangan rejaga amal qilaman.",
test.big_five.q46,"Мне трудно заставить себя взяться за задачу, которая кажется скучной.",Zerikarli koʻrinadigan vazifaga kirishishga oʻzimni majburlash menga qiyin.,
test.big_five.q47,"Прежде чем действовать, я тщательно обдумываю возможные последствия.",Harakat qilishdan oldin mumkin boʻlgan oqibatlarni puxta oʻylab koʻraman.,
test.big_five.q48,"Я нередко принимаю решения импульсивно, не задумываясь о последствиях.",Koʻpincha oqibatlarni oʻylamasdan impulsiv qarorlar qabul qilaman.,
test.big_five.q49,"У меня богатое воображение, и я часто погружаюсь в собственные фантазии.",Mening kuchli tasavvurim bor va tez-tez oʻz xayollarimga choʻmib ketaman.,
test.big_five.q50,"Я предпочитаю факты и реальность, а не абстрактные идеи и фантазии.",Abstrakt gʻoyalar va xayollardan koʻra faktlar va haqiqatni afzal koʻraman.,
test.big_five.q51,"Меня глубоко трогает музыка, живопись или литература.","Musiqa, rassomlik yoki adabiyot meni chuqur taʼsirlantiradi.",
test.big_five.q52,Я редко нахожу время или интерес для занятий искусством или культурой.,Sanʼat yoki madaniyat bilan shugʻullanish uchun kamdan-kam vaqt yoki qiziqish topaman.,
test.big_five.q53,"Я хорошо осознаю свои эмоции и понимаю, что именно их вызывает.",Oʻz his-tuygʻularimni yaxshi anglayman va ularni nima keltirib chiqarishini tushunaman.,
test.big_five.q54,Я редко задумываюсь о своих внутренних переживаниях.,Oʻz ichki kechinmalarim haqida kamdan-kam oʻylayman.,
test.big_five.q55,"Я охотно пробую новые виды деятельности, даже если не знаю, чего ожидать.","Nima kutishni bilmasam ham, yangi faoliyat turlarini xursandchilik bilan sinab koʻraman.",
test.big_five.q56,Я предпочитаю привычные маршруты и устоявшийся распорядок новым экспериментам.,Yangi tajribalardan koʻra tanish yoʻnalishlar va oʻrnatilgan tartibni afzal koʻraman.,
test.big_five.q57,Мне нравится размышлять над сложными философскими или научными вопросами.,Murakkab falsafiy yoki ilmiy savollar ustida oʻylashni yaxshi koʻraman.,
test.big_five.q58,Абстрактные теоретические дискуссии меня быстро утомляют.,Abstrakt nazariy munozaralar meni tez charchatadi.,
test.big_five.q59,"Я считаю, что общественные нормы должны меняться вместе с развитием общества.",Jamiyat meʼyorlari jamiyat rivojlanishi bilan birga oʻzgarishi kerak deb hisoblayman.,
test.big_five.q60,"Мне кажется, что проверенные временем традиции важнее новомодных идей.",Vaqt sinovidan oʻtgan anʼanalar yangi moda gʻoyalardan muhimroq koʻrinadi.,
test.riasec.answer.1,Совсем не интересно,Umuman qiziq emas,
test.riasec.answer.2,Скорее не интересно,Koʻproq qiziq emas,
test.riasec.answer.3,Нейтрально,Neytral,
test.riasec.answer.4,Скорее интересно,Koʻproq qiziqarli,
test.riasec.answer.5,Очень интересно,Juda qiziqarli,
test.riasec.q1,Ремонтировать технику или механизмы.,Texnika yoki mexanizmlarni taʼmirlash.,
test.riasec.q2,Решать сложные задачи и головоломки.,Murakkab masala va boshqotirmalarni yechish.,
test.riasec.q3,Придумывать что-то новое и оригинальное.,Yangi va oʻziga xos narsalar oʻylab topish.,
test.riasec.q4,Помогать людям решать их проблемы.,Odamlarga muammolarini hal qilishda yordam berish.,
test.riasec.q5,Убеждать людей и вести их за собой.,Odamlarni ishontirish va ularni ortidan ergashtirish.,
test.riasec.q6,"Работать с документами, цифрами, таблицами.","Hujjatlar, raqamlar, jadvallar bilan ishlash.",
test.riasec.q7,"Работать инструментами, собирать или чинить своими руками.","Asboblar bilan ishlash, oʻz qoʻlingiz bilan yigʻish yoki tuzatish.",
test.riasec.q8,"Исследовать, как и почему что-то работает.",Biror narsa qanday va nima uchun ishlashini tadqiq qilish.,
test.riasec.q9,"Рисовать, заниматься дизайном, создавать визуальные образы.","Rasm chizish, dizayn qilish, vizual obrazlar yaratish.",
test.riasec.q10,Обучать или объяснять что-то другим.,Boshqalarga biror narsani oʻrgatish yoki tushuntirish.,
test.riasec.q11,"Начинать своё дело, запускать проекты.","Oʻz ishini boshlash, loyihalarni ishga tushirish.",
test.riasec.q12,Наводить порядок и систематизировать информацию.,Tartib oʻrnatish va maʼlumotni tizimlashtirish.,
test.riasec.q13,"Работать на улице, с техникой или оборудованием.","Ochiq havoda, texnika yoki uskunalar bilan ishlash.",
test.riasec.q14,"Анализировать данные, факты, статистику.","Maʼlumot, faktlar va statistikani tahlil qilish.",
test.riasec.q15,"Писать тексты, музыку или сценарии.","Matn, musiqa yoki ssenariy yozish.",
test.riasec.q16,Работать в команде и много общаться.,Jamoada ishlash va koʻp muloqot qilish.,
test.riasec.q17,"Продавать, договариваться, вести переговоры.","Sotish, kelishish, muzokara olib borish.",
test.riasec.q18,Следовать чётким инструкциям и правилам.,Aniq koʻrsatma va qoidalarga amal qilish.,
test.riasec.q19,"Разбираться, как устроены машины и приборы.",Mashina va asboblar qanday ishlashini tushunish.,
test.riasec.q20,"Изучать науку, проводить эксперименты.","Fanni oʻrganish, tajribalar oʻtkazish.",
test.riasec.q21,Выражать себя через творчество.,Oʻzini ijod orqali ifodalash.,
test.riasec.q22,Поддерживать и заботиться о людях.,Odamlarni qoʻllab-quvvatlash va gʻamxoʻrlik qilish.,
test.riasec.q23,Брать на себя ответственность и руководить.,Masʼuliyatni oʻz zimmasiga olish va rahbarlik qilish.,
test.riasec.q24,"Планировать, вести учёт и контролировать детали.","Rejalashtirish, hisob yuritish va tafsilotlarni nazorat qilish.",
test.riasec.q25,"Заниматься физическим трудом, строительством, монтажом.","Jismoniy mehnat, qurilish, montaj bilan shugʻullanish.",
test.riasec.q26,Докапываться до сути проблемы логическим путём.,Muammoning mohiyatiga mantiqiy yoʻl bilan yetib borish.,
test.riasec.q27,"Работать там, где нет жёстких правил и есть свобода самовыражения.","Qatʼiy qoidalar yoʻq, oʻzini erkin ifodalash imkoni bor joyda ishlash.",
test.riasec.q28,Разрешать конфликты и налаживать отношения.,Nizolarni hal qilish va munosabatlarni yoʻlga qoʻyish.,
test.riasec.q29,Рисковать ради большой выгоды.,Katta foyda uchun tavakkal qilish.,
test.riasec.q30,"Выполнять аккуратную, точную работу по алгоритму.","Algoritm boʻyicha aniq, ehtiyotkor ish bajarish.",
test.values.answer.1,Совсем не важно,Umuman muhim emas,
test.values.answer.2,Скорее не важно,Koʻproq muhim emas,
test.values.answer.3,Средне,Oʻrtacha,
test.values.answer.4,Важно,Muhim,
test.values.answer.5,Очень важно,Juda muhim,
test.values.q1,Зарабатывать много и иметь высокий доход.,Koʻp daromad topish va yuqori daromadga ega boʻlish.,
test.values.q2,"Быть независимым, самому распоряжаться своим временем.","Mustaqil boʻlish, oʻz vaqtini oʻzi tasarruf etish.",
test.values.q3,Стабильность и уверенность в завтрашнем дне.,Barqarorlik va ertangi kunga ishonch.,
test.values.q4,"Признание, уважение и высокий статус в обществе.","Jamiyatda eʼtirof, hurmat va yuqori maqom.",
test.values.q5,Приносить пользу людям и обществу.,Odamlarga va jamiyatga foyda keltirish.,
test.values.q6,Создавать новое и выражать себя.,Yangilik yaratish va oʻzini ifodalash.,
test.values.q7,Финансовое благополучие и возможность позволить себе желаемое.,Moliyaviy farovonlik va xohlagan narsani sotib olish imkoni.,
test.values.q8,Свобода выбора и отсутствие жёсткого контроля.,Tanlov erkinligi va qatʼiy nazoratning yoʻqligi.,
test.values.q9,"Надёжная, предсказуемая работа без резких перемен.","Keskin oʻzgarishlarsiz ishonchli, oldindan aytsa boʻladigan ish.",
test.values.q10,Чтобы ваши достижения замечали и ценили.,Yutuqlaringiz eʼtiborga olinishi va qadrlanishi.,
test.values.q11,Помогать другим и делать мир лучше.,Boshqalarga yordam berish va dunyoni yaxshiroq qilish.,
test.values.q12,Творческая свобода и оригинальность в работе.,Ishda ijodiy erkinlik va oʻziga xoslik.,
test.perception.answer.1,Совсем не про меня,Umuman men haqimda emas,
test.perception.answer.2,Скорее не про меня,Koʻproq men haqimda emas,
test.perception.answer.3,Нейтрально,Neytral,
test.perception.answer.4,Скорее про меня,Koʻproq men haqimda,
test.perception.answer.5,Полностью про меня,Toʻliq men haqimda,
test.perception.q1,"Мне легче всего усвоить новое, когда я читаю текст или книгу.",Yangi narsani matn yoki kitob oʻqiganimda eng oson oʻzlashtiraman.,
test.perception.q2,"Мне проще учиться, слушая лекции, аудио или устные объяснения.","Maʼruza, audio yoki ogʻzaki tushuntirishlarni tinglab oʻrganish men uchun osonroq.",
test.perception.q3,"Я лучше всего учусь, когда сразу пробую делать сам.",Oʻzim darhol amalda qilib koʻrganimda eng yaxshi oʻrganaman.,
test.perception.q4,Мне помогает многократное повторение и работа по чётким шаблонам.,Koʻp marta takrorlash va aniq shablonlar boʻyicha ishlash menga yordam beradi.,
test.perception.q5,"Я лучше понимаю материал, когда вижу его написанным, а не слышу.",Materialni eshitgandan koʻra yozilgan holda koʻrganimda yaxshiroq tushunaman.,
test.perception.q6,"Я хорошо запоминаю информацию на слух, когда её проговаривают.",Maʼlumot ovoz chiqarib aytilganda uni quloqdan yaxshi eslab qolaman.,
test.perception.q7,"Мне нужно применить новое на практике, чтобы по-настоящему понять.",Yangi narsani chinakam tushunish uchun uni amaliyotda qoʻllashim kerak.,
test.perception.q8,"Я лучше усваиваю материал, когда иду по пошаговой схеме и повторяю.",Bosqichma-bosqich sxema boʻyicha borib takrorlaganimda materialni yaxshiroq oʻzlashtiraman.,
